{
  "score_en.jsonl": {
    "EIR": 0.12260367762128326,
    "Precision": 0.0,
    "Recall": 0.2,
    "ROUGELScore": 0.051042124319122015,
    "completeness": 0.540625,
    "hallucination": -0.0062500000000000056,
    "irrelevance": 0.46562500000000007
  },
  "score_zh.jsonl": {
    "EIR": 0.029285714285714286,
    "Precision": 0.0,
    "Recall": 0.21904761904761902,
    "ROUGELScore": 0.0,
    "completeness": 0.6571428571428571,
    "hallucination": -0.16190476190476194,
    "irrelevance": 0.5047619047619049
  }
}